n,num_samples,num_perms,replicates,tv_mean,tv_p95,worst_rel_mean,worst_rel_p95
5,200000,120,2000,0.00896567,0.0101344,0.10885,0.14326
6,200000,720,2000,0.0206924,0.0217946,0.501482,0.6416
7,100000,5040,2000,0.0714239,0.0729255,3.36382,4.26298
8,50000,40320,2000,0.249135,0.251187,4.63592,5.77475
